data,praca,classe,web,ifood,call,android,iphone,total,precipitac,tempmax,tempmin,tempmed,umidade,insolacao,diasemana,diasem,mes,desserts,pizzas,beverage, cbmaker ,combos,sfiha, kit1 , kit2 ,snack,pastas,dishes,promotion,savory, salads ,range
01/01/2018,SAO PAULO,,0,0,0,0,0,55797,26,29.2,19.3,24.36,72.75,10.1,MON,1,3,2394,541,1782, -   ,733,37479, 10 , -   ,1388,494,189,0,10765, 22 ,Range-15
01/02/2018,SAO PAULO,,0,0,0,0,0,44952,0,27.3,18.3,21.88,71,9.5,TUR,1,1,1956,182,1451, -   ,1209,29415, 17 , 1 ,950,377,401,0,8956, 37 ,Range-12
01/03/2018,SAO PAULO,,0,0,0,0,0,45672,0,30.6,20.9,24.7,80.25,6.9,TUR,1,2,2481,221,1597, -   ,1084,27840, 10 , 1 ,1018,435,472,58,10407, 48 ,Range-16
01/04/2018,SAO PAULO,,0,0,0,0,0,52779,8,28.5,19.3,24.02,73.25,4.6,SUN,2,2,2779,1627,2041, -   ,2391,22977, 34 , 11 ,1094,612,652,8552,9975, 34 ,Range-18
01/05/2018,SAO PAULO,,0,0,0,0,0,89932,0,28,18.1,21.98,72.5,6.6,TUE,1,2,5349,3017,3195, 70 ,3517,53235, 60 , 13 ,2227,858,838,0,17508, 45 ,Range-39
01/06/2018,SAO PAULO,,0,0,0,0,0,50955,0,25.1,15.2,19.86,49.25,8.5,FRI,3,3,4080,395,2065, 31 ,6067,24399, 37 , 5 ,1287,564,559,0,11435, 31 ,Range-29
01/07/2018,SAO PAULO,,0,0,0,0,0,49023,0,27.4,14.9,20.54,61.5,7.9,SUN,2,1,4164,346,2107, 52 ,5819,23736, 37 , 6 ,1293,834,792,0,9797, 40 ,Range-29
01/08/2018,SAO PAULO,,0,0,0,0,0,41631,0,14.5,12.5,13.36,86.75,0,WED,1,2,2793,281,1414, 15 ,1985,24700, 16 , -   ,690,390,297,0,9014, 36 ,Range-18
01/09/2018,SAO PAULO,,0,0,0,0,0,64201,0,31.8,17,22.18,58,0,SAT,3,2,4377,369,2473, 6 ,7139,34978, 89 , 7 ,1280,498,615,0,12326, 44 ,Range-31
01/10/2018,SAO PAULO,,0,0,0,0,0,32663,35.5,25.2,18.9,21.44,86,0,MON,1,2,2015,137,1303, 2 ,1893,18386, 23 , 1 ,674,291,320,0,7601, 17 ,Range-12
01/11/2018,SAO PAULO,,0,0,0,0,0,59003,10.2,27.9,18.1,22.26,68.25,5.3,TUR,1,2,3671,237,2252, 4 ,4595,28774, 47 , 7 ,1442,413,404,45,17072, 40 ,Range-25
01/12/2018,SAO PAULO,,0,0,0,0,0,70297,76.6,26.6,18.9,22.04,85.5,1.8,SAT,3,3,4988,366,3040, 2 ,7906,36970, 54 , 10 ,1962,545,571,0,13862, 21 ,Range-36
02/01/2018,SAO PAULO,,0,0,0,0,0,46017,0,28.1,21.6,23.94,78.5,5,TUE,1,3,1851,218,1357, -   ,550,29862, 16 , 2 ,1124,575,282,0,10137, 43 ,Range-11
02/02/2018,SAO PAULO,,0,0,0,0,0,55679,0,27.8,18.6,22.36,71,4.3,FRI,3,1,2944,374,2221, -   ,3112,30660, 34 , 2 ,1745,505,647,0,13393, 42 ,Range-20
02/03/2018,SAO PAULO,,0,0,0,0,0,65565,0.5,31.4,21.3,24.48,83.75,6.8,FRI,3,2,4362,403,2491, -   ,3453,35648, 34 , 5 ,1726,564,659,545,15632, 43 ,Range-31
02/04/2018,SAO PAULO,,0,0,0,0,0,35419,2.2,26,20,22.88,77.5,1.1,MON,1,2,1188,207,1238, 6 ,1198,21680, 7 , 4 ,776,467,406,149,8069, 24 ,Range-06
02/05/2018,SAO PAULO,,0,0,0,0,0,37161,0,27.5,18,21.7,72.75,7.6,WED,1,2,1765,217,1302, 27 ,1480,23120, 9 , 2 ,849,396,442,0,7526, 26 ,Range-10
02/06/2018,SAO PAULO,,0,0,0,0,0,57949,0,25.3,16.3,21.36,57.75,1.6,SAT,3,3,4744,503,2344, 53 ,7279,28074, 37 , 2 ,1403,607,593,0,12277, 33 ,Range-34
02/07/2018,SAO PAULO,,0,0,0,0,0,58830,0,27.3,14.9,20.88,50,7.9,MON,1,1,2985,266,1883, 8 ,3839,32539, 25 , 4 ,810,465,461,0,15495, 50 ,Range-20
02/08/2018,SAO PAULO,,0,0,0,0,0,33969,5,17.1,12.4,14.9,89.75,0,TUR,1,2,2319,133,1369, 11 ,2781,17553, 14 , 1 ,708,330,276,0,8446, 28 ,Range-15
02/09/2018,SAO PAULO,,0,0,0,0,0,49132,0,31.4,16.3,21.5,64.5,5.6,SUN,2,2,3898,281,2035, 7 ,5058,26357, 60 , 4 ,1025,601,542,0,9221, 43 ,Range-27
02/10/2018,SAO PAULO,,0,0,0,0,0,33286,3.2,30.9,17.8,22.9,81,0,TUE,1,2,2040,101,1280, -   ,1831,18879, 23 , -   ,705,310,316,0,7781, 20 ,Range-13
02/11/2018,SAO PAULO,,0,0,0,0,0,71139,0,27.2,18.2,21.4,76.25,3.6,FRI,3,2,5542,348,2971, 8 ,7212,38547, 71 , 14 ,1793,607,550,3,13438, 35 ,Range-40
02/12/2018,SAO PAULO,,0,0,0,0,0,58424,30.6,26.7,19,21.3,77.75,5.2,SUN,2,3,5276,262,2640, 1 ,6308,29314, 43 , 8 ,1526,746,589,0,11676, 35 ,Range-38
03/01/2018,SAO PAULO,,0,0,0,0,0,50761,2.2,25.9,19.8,21.5,87.5,1.3,WED,1,3,2325,200,1367, -   ,516,33616, 15 , -   ,1041,556,235,0,10845, 45 ,Range-15
03/02/2018,SAO PAULO,,0,0,0,0,0,64654,0,25.9,18.1,20.86,72.75,7.4,SAT,3,1,3346,472,2323, -   ,3920,36622, 55 , 1 ,1874,660,752,0,14577, 52 ,Range-23
03/03/2018,SAO PAULO,,0,0,0,0,0,69873,4.2,29.5,20,23.74,77,6.8,SAT,3,2,4288,440,2374, -   ,3750,38108, 41 , 2 ,1816,755,854,618,16782, 45 ,Range-30
03/04/2018,SAO PAULO,,0,0,0,0,0,38959,0,26.3,20.5,22.44,81.5,3.5,TUE,1,2,1642,169,1312, 23 ,1366,24107, 17 , 9 ,953,398,463,18,8459, 23 ,Range-09
03/05/2018,SAO PAULO,,0,0,0,0,0,43052,0,29,17.9,22.4,73.5,7.9,TUR,1,2,2162,182,1517, 21 ,1799,26515, 19 , 7 ,1087,428,408,0,8876, 31 ,Range-14
03/06/2018,SAO PAULO,,0,0,0,0,0,49231,0.8,22.5,13.7,16.28,88.75,0,SUN,2,3,5137,390,2157, 61 ,6214,21608, 36 , 9 ,1365,1064,781,0,10376, 33 ,Range-37
03/07/2018,SAO PAULO,,0,0,0,0,0,34582,0,24.7,16.2,18.72,77.75,5.4,TUE,1,1,2296,317,1138, 14 ,2450,18163, 13 , 4 ,600,356,311,0,8892, 28 ,Range-15
03/08/2018,SAO PAULO,,0,0,0,0,0,71212,0,16.2,13.6,15.16,92.5,0,FRI,3,2,5512,475,2818, 30 ,7263,38363, 39 , 9 ,1487,629,569,0,13979, 39 ,Range-40
03/09/2018,SAO PAULO,,0,0,0,0,0,31048,0,26,15.1,18.86,80.5,5.6,MON,1,2,2069,101,1244, 2 ,2144,17219, 21 , 3 ,544,262,310,0,7093, 36 ,Range-13
03/10/2018,SAO PAULO,,0,0,0,0,0,36262,0,31.9,19.9,23.92,82,0,WED,1,2,2062,117,1478, -   ,2068,21227, 24 , 1 ,778,309,270,0,7896, 32 ,Range-13
03/11/2018,SAO PAULO,,0,0,0,0,0,59121,0,31.4,19.1,22.62,69.5,9.9,SAT,3,2,4216,346,2341, 3 ,6156,31234, 32 , 9 ,1622,520,455,14,12152, 21 ,Range-30
03/12/2018,SAO PAULO,,0,0,0,0,0,39470,1,22.7,16.5,18.88,80,0.1,MON,1,3,2257,124,1543, -   ,2431,21534, 13 , 8 ,757,365,288,0,10132, 18 ,Range-14
04/01/2018,SAO PAULO,,0,0,0,0,0,44148,12.1,28.5,19.7,22.8,52.25,11.2,TUR,1,3,1616,178,1265, -   ,506,29874, 17 , 3 ,929,463,198,0,9053, 46 ,Range-09
04/02/2018,SAO PAULO,,0,0,0,0,0,53530,0,25.7,16.7,20.84,71.75,5.4,SUN,2,1,3569,387,2132, -   ,2903,28283, 48 , 4 ,1605,900,811,0,12839, 49 ,Range-25
04/03/2018,SAO PAULO,,0,0,0,0,0,53617,0,31.3,21,24.82,83.75,5.6,SUN,2,2,4300,374,2129, -   ,2643,27007, 26 , 5 ,1455,849,757,772,13253, 47 ,Range-30
04/04/2018,SAO PAULO,,0,0,0,0,0,39304,0.2,26.8,19.3,21.62,79,1,WED,1,2,1607,196,1349, 26 ,1401,24537, 13 , 5 ,805,422,401,3,8503, 36 ,Range-09
04/05/2018,SAO PAULO,,0,0,0,0,0,61988,0,29.5,17.7,22.46,67.75,9.2,FRI,3,2,3614,511,2537, 59 ,5123,33056, 48 , 8 ,2128,501,707,0,13656, 40 ,Range-25
04/06/2018,SAO PAULO,,0,0,0,0,0,27144,0,17.4,13.5,15.24,81.75,0,MON,1,3,2003,175,1187, 13 ,2054,13347, 12 , 3 ,596,425,313,0,6993, 23 ,Range-12
04/07/2018,SAO PAULO,,0,0,0,0,0,34434,0,23.7,15.5,17.94,82.25,5.7,WED,1,1,2155,375,1291, 37 ,2393,18312, 18 , 5 ,608,368,362,0,8484, 26 ,Range-13
04/08/2018,SAO PAULO,,0,0,0,0,0,65852,17.6,20.4,14.2,17.22,75,1.9,SAT,3,2,4828,434,2316, 40 ,7096,35603, 51 , 4 ,1311,519,576,0,13041, 33 ,Range-34
04/09/2018,SAO PAULO,,0,0,0,0,0,36094,2,17.2,12,13.72,81.5,2.7,TUE,1,2,2384,111,1310, -   ,2376,19593, 24 , 4 ,606,357,367,0,8918, 44 ,Range-15
04/10/2018,SAO PAULO,,0,0,0,0,0,35588,0.6,23,18.2,19.8,86,0,TUR,1,2,2366,156,1556, 1 ,2756,18456, 43 , 5 ,874,330,326,0,8688, 31 ,Range-15
04/11/2018,SAO PAULO,,0,0,0,0,0,50743,5,22.8,17.2,18.8,79,0.5,SUN,2,2,4746,230,2159, 1 ,4936,25863, 42 , 6 ,1624,755,541,0,9811, 29 ,Range-34
04/12/2018,SAO PAULO,,0,0,0,0,0,40673,0,30,16.9,23.34,63.5,6.6,TUE,1,3,2731,108,1543, 1 ,2418,21939, 17 , 3 ,741,320,301,0,10529, 22 ,Range-18
05/01/2018,SAO PAULO,,0,0,0,0,0,51493,0,29.4,17.5,22.84,72.25,10.4,FRI,3,3,2725,370,1710, -   ,1793,31793, 28 , 2 ,1637,407,203,0,10791, 34 ,Range-18
05/02/2018,SAO PAULO,,0,0,0,0,0,38919,0,25.4,18.2,21.08,74.75,5.1,MON,1,1,1693,174,1310, -   ,1099,23955, 11 , 3 ,798,445,384,0,9005, 42 ,Range-10
05/03/2018,SAO PAULO,,0,0,0,0,0,36101,6.4,31.2,20.4,24.44,77.5,8.5,MON,1,2,1882,139,1231, 1 ,934,21907, 7 , -   ,643,409,356,402,8158, 32 ,Range-11
05/04/2018,SAO PAULO,,0,0,0,0,0,46154,0,27.8,18.2,22.04,74.25,6.3,TUR,1,2,2022,250,1594, 19 ,1656,29188, 24 , 8 ,960,452,397,5,9531, 48 ,Range-12
05/05/2018,SAO PAULO,,0,0,0,0,0,68942,0,29.6,18.1,22.54,67.5,7.4,SAT,3,2,4477,616,2983, 79 ,6398,34727, 48 , 16 ,2377,729,862,0,15601, 29 ,Range-32
05/06/2018,SAO PAULO,,0,0,0,0,0,29710,0.3,18.6,14.1,16.02,86.25,0,TUE,1,3,2240,186,1193, 25 ,2220,14640, 11 , -   ,629,429,340,0,7762, 35 ,Range-14
05/07/2018,SAO PAULO,,0,0,0,0,0,36988,0,28.5,14.7,20.16,65.25,6.2,TUR,1,1,2488,501,1513, 16 ,3329,16711, 23 , 3 ,827,398,361,0,10781, 37 ,Range-16
05/08/2018,SAO PAULO,,0,0,0,0,0,52242,0,19.8,14.5,16.08,78.5,0,SUN,2,2,4590,333,2044, 38 ,5406,26873, 26 , 2 ,1259,698,557,0,10372, 44 ,Range-33
05/09/2018,SAO PAULO,,0,0,0,0,0,38601,24.2,16,11.1,13.06,78.75,7.9,WED,1,2,2303,121,1315, 1 ,2657,22529, 27 , 9 ,518,329,310,0,8465, 17 ,Range-15
05/10/2018,SAO PAULO,,0,0,0,0,0,65033,0,18.6,13.8,15.68,89,0,FRI,3,2,4291,338,2606, 3 ,6256,36868, 62 , 6 ,1686,448,464,0,11988, 17 ,Range-30
05/11/2018,SAO PAULO,,0,0,0,0,0,33733,0.4,21.2,15.1,17.82,77.5,0.4,MON,1,2,2432,109,1352, 1 ,2058,18779, 13 , 4 ,635,326,240,4,7762, 18 ,Range-16
05/12/2018,SAO PAULO,,0,0,0,0,0,45192,0,29.8,20.2,23.96,52.5,6.9,WED,1,3,3008,150,1777, 1 ,2634,25075, 21 , 3 ,886,325,328,0,10967, 17 ,Range-20
06/01/2018,SAO PAULO,,0,0,0,0,0,62420,0,27.9,19.9,22.42,76.75,1.9,SAT,3,3,3051,447,1969, -   ,2149,38770, 14 , 2 ,1757,540,251,0,13426, 44 ,Range-21
06/02/2018,SAO PAULO,,0,0,0,0,0,41083,0,24.4,17.7,20.82,78,0.5,TUE,1,1,1847,161,1356, -   ,1133,25637, 26 , 2 ,789,425,320,0,9360, 27 ,Range-11
06/03/2018,SAO PAULO,,0,0,0,0,0,44295,22.1,29.8,20.7,24.34,81,6.3,TUE,1,2,2392,175,1444, -   ,1065,27564, 11 , 7 ,779,443,381,439,9559, 36 ,Range-15
06/04/2018,SAO PAULO,,0,0,0,0,0,61469,0,27.2,19.4,22.3,72,6.6,FRI,3,2,3436,503,2621, 48 ,4945,32648, 46 , 8 ,2089,584,685,5,13819, 32 ,Range-24
06/05/2018,SAO PAULO,,0,0,0,0,0,56000,0,25.8,18.1,21.06,73.5,7.7,SUN,2,2,4287,476,2472, 62 ,4429,28851, 31 , 3 ,1955,916,774,0,11706, 38 ,Range-30
06/06/2018,SAO PAULO,,0,0,0,0,0,36211,0,23.2,14,17.52,83,1.9,WED,1,3,2557,236,1400, 28 ,2573,18771, 31 , 2 ,715,418,373,0,9085, 22 ,Range-17
06/07/2018,SAO PAULO,,0,0,0,0,0,72289,0,26.6,15.3,20,57,5.5,FRI,3,1,5470,701,2552, 52 ,7503,37739, 21 , 12 ,1431,470,561,0,15736, 41 ,Range-39
06/08/2018,SAO PAULO,,0,0,0,0,0,36652,5.1,15.1,13.2,14.02,89.75,0,MON,1,2,2311,147,1339, 39 ,2371,20874, 13 , 4 ,613,366,279,0,8275, 21 ,Range-15
06/09/2018,SAO PAULO,,0,0,0,0,0,58413,0,22.1,9.8,14.2,76.25,8,TUR,1,2,4150,313,2222, 9 ,5844,29761, 56 , 4 ,991,353,451,0,14230, 29 ,Range-29
06/10/2018,SAO PAULO,,0,0,0,0,0,71871,0,17.8,13.8,16.06,82,0,SAT,3,2,5257,343,2670, 2 ,7202,39531, 59 , 8 ,1949,596,561,0,13672, 21 ,Range-38
06/11/2018,SAO PAULO,,0,0,0,0,0,32791,0,23.2,15.9,18.84,85,0.6,TUE,1,2,2042,111,1293, 3 ,1920,18056, 20 , 4 ,667,282,253,0,8126, 14 ,Range-13
06/12/2018,SAO PAULO,,0,0,0,0,0,45198,4,29.4,17.9,21.24,74.5,6.8,TUR,1,3,3005,162,1926, 4 ,3606,22401, 36 , 5 ,1017,373,366,0,12275, 22 ,Range-20
07/01/2018,SAO PAULO,,0,0,0,0,0,60417,5,20.3,16.4,18.56,89.25,0,SUN,2,3,4203,369,2058, -   ,1605,35344, 18 , 4 ,1953,1012,371,0,13424, 56 ,Range-30
07/02/2018,SAO PAULO,,0,0,0,0,0,43138,0,29,18.8,23.32,65.75,9.6,WED,1,1,1867,159,1389, -   ,1255,27108, 15 , 2 ,835,433,395,0,9648, 32 ,Range-11
07/03/2018,SAO PAULO,,0,0,0,0,0,45304,2.2,30,21.3,23.94,84.25,5.1,WED,1,2,2469,177,1449, -   ,1157,27917, 23 , 4 ,860,406,446,481,9876, 39 ,Range-16
07/04/2018,SAO PAULO,,0,0,0,0,0,68193,0,28.6,18,21.96,72,6.5,SAT,3,2,3640,575,2772, 49 ,5655,36190, 37 , 7 ,2216,780,827,0,15377, 68 ,Range-25
07/05/2018,SAO PAULO,,0,0,0,0,0,41060,0,25.4,18.3,20.54,74,5.3,MON,1,2,2025,204,1384, 23 ,1672,25601, 15 , 1 ,946,425,399,0,8337, 28 ,Range-12
07/06/2018,SAO PAULO,,0,0,0,0,0,35846,2.6,22.2,15.3,18.8,79.5,1.7,TUR,1,3,2660,245,1604, 25 ,3256,16635, 34 , 8 ,875,517,439,0,9519, 29 ,Range-17
07/07/2018,SAO PAULO,,0,0,0,0,0,55398,0,25.2,14,19.5,54.25,7.6,SAT,3,1,3884,685,2099, 78 ,5785,29087, 18 , 13 ,1487,567,601,0,11055, 39 ,Range-27
07/08/2018,SAO PAULO,,0,0,0,0,0,34464,8.5,17.8,12,14.36,84.5,0,TUE,1,2,2356,134,1173, 35 ,2115,19343, 9 , 2 ,599,318,306,0,8052, 22 ,Range-15
07/09/2018,SAO PAULO,,0,0,0,0,0,65279,0,27.2,11.4,17.78,68.25,9.3,FRI,3,2,5192,308,2510, 4 ,7342,34487, 61 , 2 ,1236,602,601,0,12905, 29 ,Range-37
07/10/2018,SAO PAULO,,0,0,0,0,0,55103,0,19.4,15.4,17.3,91,0,SUN,2,2,4402,284,2287, 2 ,5411,29605, 65 , 3 ,1565,633,454,0,10367, 25 ,Range-31
07/11/2018,SAO PAULO,,0,0,0,0,0,39268,0,23.2,16.2,18.64,83,0,WED,1,2,2574,140,1490, 2 ,2244,22091, 20 , 2 ,873,295,230,0,9284, 23 ,Range-17
07/12/2018,SAO PAULO,,0,0,0,0,0,77651,0,24.5,17.7,19.6,79.5,0.7,FRI,3,3,4373,361,2501, 1 ,5294,48385, 42 , 6 ,1670,453,469,0,14057, 39 ,Range-31
08/01/2018,SAO PAULO,,0,0,0,0,0,53409,34.2,21.4,16.4,18.76,93.25,0,MON,1,3,2131,197,1595, -   ,597,36847, 24 , 4 ,1137,461,179,0,10197, 40 ,Range-13
08/02/2018,SAO PAULO,,0,0,0,0,0,50309,0,29.6,17.3,23.56,62.25,7.2,TUR,1,1,2144,195,1612, -   ,1353,31841, 19 , 2 ,1064,439,458,0,11135, 47 ,Range-13
08/03/2018,SAO PAULO,,0,0,0,0,0,52188,0,23.8,20.2,21.44,86.5,0,TUR,1,2,2676,213,1533, -   ,1448,33252, 25 , 1 ,858,465,498,637,10539, 43 ,Range-18
08/04/2018,SAO PAULO,,0,0,0,0,0,55617,0,28.1,18.7,22.06,77.75,4.7,SUN,2,2,3710,440,2401, 43 ,4104,28751, 29 , 11 ,1910,1013,883,0,12272, 50 ,Range-26
08/05/2018,SAO PAULO,,0,0,0,0,0,44000,0,24.1,16.9,19.44,77,7.5,TUE,1,2,2151,214,1498, 28 ,1723,27290, 17 , 6 ,911,466,405,0,9262, 29 ,Range-13
08/06/2018,SAO PAULO,,0,0,0,0,0,57246,2,20.8,14.3,16.1,83.25,0.6,FRI,3,3,4171,412,2273, 33 ,6235,29581, 53 , 8 ,1495,520,583,0,11862, 20 ,Range-29
08/07/2018,SAO PAULO,,0,0,0,0,0,44899,0,27.7,18.4,21.62,50.75,8.5,SUN,2,1,3659,522,1951, 35 ,4695,22604, 35 , 5 ,1119,647,567,0,9024, 36 ,Range-25
08/08/2018,SAO PAULO,,0,0,0,0,0,36809,0,26,12.9,19.38,67.75,6,WED,1,2,2307,155,1227, 28 ,2210,20651, 10 , 3 ,602,305,355,0,8919, 37 ,Range-15
08/09/2018,SAO PAULO,,0,0,0,0,0,60168,0,26.4,12,16.98,74.5,7.2,SAT,3,2,4359,323,2236, 1 ,6740,32707, 45 , -   ,1114,439,462,0,11720, 22 ,Range-31
08/10/2018,SAO PAULO,,0,0,0,0,0,35969,1.6,21.7,16.2,19.36,93,0,MON,1,2,2119,129,1428, 1 ,2061,20882, 19 , 5 ,770,319,255,0,7957, 24 ,Range-13
08/11/2018,SAO PAULO,,0,0,0,0,0,39469,4.4,20.8,15.8,18,86,0,TUR,1,2,2831,143,1722, 2 ,3187,19279, 32 , 6 ,1021,357,280,0,10588, 21 ,Range-19
08/12/2018,SAO PAULO,,0,0,0,0,0,76876,1,20,13.7,16.38,74.75,1.1,SAT,3,3,4907,380,2444, -   ,6628,44930, 55 , 14 ,1907,551,520,0,14528, 12 ,Range-35
09/01/2018,SAO PAULO,,0,0,0,0,0,45909,9.7,25.5,18.3,21.16,83,0,TUE,1,3,1938,157,1153, -   ,479,31772, 12 , 3 ,948,356,165,0,8893, 33 ,Range-12
09/02/2018,SAO PAULO,,0,0,0,0,0,62127,1.4,32.8,19.3,26.18,53.5,8.3,FRI,3,1,3267,400,2387, -   ,3504,34491, 31 , 5 ,1895,620,697,0,14793, 37 ,Range-22
09/03/2018,SAO PAULO,,0,0,0,0,0,58334,0.4,26.8,19.2,22.08,77.25,3.4,FRI,3,2,3715,406,2200, -   ,3667,31791, 52 , 11 ,1602,493,539,942,12875, 41 ,Range-26
09/04/2018,SAO PAULO,,0,0,0,0,0,39467,0,27.8,18.6,21.88,74.25,6.5,MON,1,2,1840,192,1301, 11 ,1452,24668, 13 , 5 ,867,429,405,0,8247, 37 ,Range-11
09/05/2018,SAO PAULO,,0,0,0,0,0,46068,0,25,15.7,19.34,71.25,9,WED,1,2,2425,245,1428, 26 ,1748,28483, 17 , 1 ,943,469,459,0,9791, 33 ,Range-16
09/06/2018,SAO PAULO,,0,0,0,0,0,62063,0,19.7,12.5,15.82,86.75,0.6,SAT,3,3,4736,500,2351, 51 ,7194,32277, 42 , 12 ,1558,604,697,0,12014, 27 ,Range-34
09/07/2018,SAO PAULO,,0,0,0,0,0,69166,0,25.2,14.7,17.82,72.25,5.4,MON,1,1,4890,580,2351, 68 ,3551,39112, 40 , 13 ,1415,611,623,0,15875, 37 ,Range-35
09/08/2018,SAO PAULO,,0,0,0,0,0,34416,2.2,24.6,15.2,19.06,68.25,8.4,TUR,1,2,2283,183,1316, 55 ,3038,17435, 21 , 2 ,571,351,410,0,8721, 30 ,Range-14
09/09/2018,SAO PAULO,,0,0,0,0,0,53254,0,24.5,13,16.84,73.5,0,SUN,2,2,4119,266,2083, 2 ,5809,28740, 34 , 4 ,1026,618,470,0,10061, 22 ,Range-29
09/10/2018,SAO PAULO,,0,0,0,0,0,32581,15.2,28.3,18.7,23.12,79,0,TUE,1,2,1797,131,1412, 2 ,1886,17958, 22 , -   ,724,294,263,0,8069, 23 ,Range-11
09/11/2018,SAO PAULO,,0,0,0,0,0,63411,4,24.4,16.2,19.6,79.5,4.8,FRI,3,2,4294,274,2506, 2 ,5952,35467, 53 , 10 ,1497,405,419,0,12509, 23 ,Range-30
09/12/2018,SAO PAULO,,0,0,0,0,0,59414,0,26.8,13.4,19.4,62.25,7.9,SUN,2,3,4601,280,2100, 1 ,4843,32994, 42 , 6 ,1528,777,600,0,11620, 22 ,Range-33
10/01/2018,SAO PAULO,,0,0,0,0,0,49405,0.8,29,19,22.84,78.75,5.3,WED,1,3,1972,163,1270, -   ,515,34514, 13 , -   ,959,373,133,0,9442, 51 ,Range-12
10/02/2018,SAO PAULO,,0,0,0,0,0,58473,0,30,20.3,24.02,73.5,5.1,SAT,3,1,2923,425,2222, -   ,3547,32082, 48 , 4 ,1803,629,697,0,14048, 45 ,Range-20
10/03/2018,SAO PAULO,,0,0,0,0,0,68737,0,27.5,20.1,22.44,84.5,2.3,SAT,3,2,4639,472,2484, -   ,4496,38143, 59 , 7 ,1856,707,724,1034,14066, 50 ,Range-33
10/04/2018,SAO PAULO,,0,0,0,0,0,37698,0,28.2,18.3,22.02,68.25,7.9,TUE,1,2,1696,198,1211, 24 ,1253,23966, 15 , 3 ,718,318,296,0,7968, 32 ,Range-10
10/05/2018,SAO PAULO,,0,0,0,0,0,50976,0,26.6,15.9,20.3,65,8.4,TUR,1,2,2506,238,1618, 20 ,1972,31632, 13 , 5 ,1140,500,449,0,10850, 33 ,Range-16
10/06/2018,SAO PAULO,,0,0,0,0,0,49101,0,24.5,14,19.14,83.25,2.3,SUN,2,3,4693,370,2124, 34 ,5416,24024, 55 , 2 ,1399,722,715,0,9503, 44 ,Range-33
10/07/2018,SAO PAULO,,0,0,0,0,0,32794,0,15.6,10.6,12.08,79.5,0.2,TUE,1,1,2085,358,1140, 32 ,1597,18226, 28 , 3 ,554,366,294,0,8098, 13 ,Range-13
10/08/2018,SAO PAULO,,0,0,0,0,0,58492,0,20.7,10.2,15.22,48,9.8,FRI,3,2,3617,298,2182, 110 ,6040,32095, 25 , 8 ,1093,366,511,0,12101, 46 ,Range-25
10/09/2018,SAO PAULO,,0,0,0,0,0,30372,0,25,13.9,17.9,70,0,MON,1,2,2046,123,1232, 1 ,1962,16063, 13 , 2 ,707,316,320,0,7564, 23 ,Range-13
10/10/2018,SAO PAULO,,0,0,0,0,0,40601,1.2,28.6,19.8,22.02,88,0,WED,1,2,2287,124,1581, 3 ,2366,23469, 4 , -   ,812,295,255,0,9389, 16 ,Range-15
10/11/2018,SAO PAULO,,0,0,0,0,0,70217,0,25.3,17.3,20.72,80,1.5,SAT,3,2,4605,351,2550, 2 ,7246,37973, 50 , 8 ,1759,542,529,0,14571, 31 ,Range-33
10/12/2018,SAO PAULO,,0,0,0,0,0,44651,0,30,15.8,23.44,54,8,MON,1,3,2236,124,1582, 1 ,2362,25759, 20 , 3 ,855,312,337,0,11041, 19 ,Range-14
11/01/2018,SAO PAULO,,0,0,0,0,0,50214,18.5,30.2,20,23.68,72.5,3.7,TUR,1,3,2065,200,1446, -   ,521,34451, 8 , 6 ,1103,403,154,0,9821, 36 ,Range-13
11/02/2018,SAO PAULO,,0,0,0,0,0,50517,10.2,31,20.2,25.44,69.5,6.7,SUN,2,1,3475,359,2096, -   ,2961,26408, 29 , 3 ,1498,829,852,0,11944, 63 ,Range-24
11/03/2018,SAO PAULO,,0,0,0,0,0,52208,0.4,31,19.3,24.42,70.25,7.1,SUN,2,2,3998,354,2209, -   ,3089,27433, 41 , 13 ,1464,769,754,1042,11004, 38 ,Range-28
11/04/2018,SAO PAULO,,0,0,0,0,0,41929,0,27.7,18.5,21.88,69,9.1,WED,1,2,2071,174,1356, 17 ,1421,25724, 27 , 3 ,921,401,390,0,9386, 38 ,Range-13
11/05/2018,SAO PAULO,,0,0,0,0,0,66486,0,27.3,15.2,22.06,59.25,7.5,FRI,3,2,4183,575,2742, 18 ,5404,35600, 28 , 6 ,2139,685,605,0,14459, 42 ,Range-29
11/06/2018,SAO PAULO,,0,0,0,0,0,30140,0,27.8,14.9,21.58,71.25,6.2,MON,1,3,1933,162,1183, 4 ,2289,16094, 11 , 3 ,594,386,366,0,7078, 37 ,Range-12
11/07/2018,SAO PAULO,,0,0,0,0,0,34905,0,15.5,9.7,11.78,76.25,3,WED,1,1,2386,343,1187, 22 ,1772,19331, 21 , 2 ,517,361,288,0,8652, 23 ,Range-15
11/08/2018,SAO PAULO,,0,0,0,0,0,66059,0,22.8,10.5,14.58,55.5,9.5,SAT,3,2,4320,380,2296, 101 ,7112,36598, 22 , 3 ,1276,465,598,0,12854, 34 ,Range-30
11/09/2018,SAO PAULO,,0,0,0,0,0,29174,0,24,14.2,17.54,70.25,0,TUE,1,2,2036,102,1173, 7 ,1830,16118, 27 , 1 ,625,268,262,0,6711, 14 ,Range-13
11/10/2018,SAO PAULO,,0,0,0,0,0,61954,0.2,20.8,18.1,19.18,90,0,TUR,1,2,3998,283,2241, 4 ,5056,32628, 88 , 8 ,1485,456,387,0,15300, 20 ,Range-28
11/11/2018,SAO PAULO,,0,0,0,0,0,52956,0,28.6,19.2,22.64,78,4.9,SUN,2,2,4436,265,2371, 5 ,5344,26956, 49 , 15 ,1296,726,529,0,10941, 23 ,Range-31
11/12/2018,SAO PAULO,,0,0,0,0,0,42997,0,31.5,19.2,25.48,55,7.2,TUE,1,3,2200,106,1518, 7 ,2273,25568, 12 , 2 ,732,291,312,0,9950, 26 ,Range-14
12/01/2018,SAO PAULO,,0,0,0,0,0,57792,14.8,24.4,19.3,22.22,75,0.5,FRI,3,3,3311,398,1924, -   ,1722,35623, 32 , 4 ,1762,529,201,0,12237, 49 ,Range-23
12/02/2018,SAO PAULO,,0,0,0,0,0,80628,0,32,22.7,25.74,71,8.6,MON,1,1,3426,373,2242, -   ,2299,52416, 36 , 1 ,1589,698,763,0,16733, 52 ,Range-23
12/03/2018,SAO PAULO,,0,0,0,0,0,38299,0,31.2,20.4,24.64,76.75,8.3,MON,1,2,2088,134,1336, -   ,1132,23379, 14 , 3 ,849,343,349,544,8097, 31 ,Range-13
12/04/2018,SAO PAULO,,0,0,0,0,0,46402,0,28.2,17.7,22.44,72.25,7.3,TUR,1,2,2138,239,1593, 6 ,1769,28905, 14 , 4 ,1008,510,475,0,9699, 42 ,Range-13
12/05/2018,SAO PAULO,,0,0,0,0,0,71670,0,26.4,18.4,20.72,75,1.9,SAT,3,2,4477,571,2712, 41 ,6440,37614, 34 , 19 ,2396,737,759,0,15831, 39 ,Range-32
12/06/2018,SAO PAULO,,0,0,0,0,0,37179,0,27.9,17.3,23.46,59,4.9,TUE,1,3,2781,245,1557, 11 ,2937,18477, 23 , 28 ,935,558,588,0,9008, 31 ,Range-18
12/07/2018,SAO PAULO,,0,0,0,0,0,30744,0,19.4,9.6,12.98,68.5,8.2,TUR,1,1,2175,419,1184, 27 ,2227,14402, 15 , 3 ,663,378,312,0,8920, 19 ,Range-14
12/08/2018,SAO PAULO,,0,0,0,0,0,44219,0,19.2,10.5,13.78,72.75,5.1,SUN,2,2,3880,255,1765, 64 ,4558,22686, 18 , 9 ,936,560,554,0,8899, 35 ,Range-27
12/09/2018,SAO PAULO,,0,0,0,0,0,32042,0,23.7,14.9,17.8,73.25,0,WED,1,2,2047,97,1238, -   ,2081,18461, 20 , 6 ,700,304,273,0,6799, 16 ,Range-13
12/10/2018,SAO PAULO,,0,0,0,0,0,65808,1,27.3,18.2,21.5,87,0,FRI,3,2,4623,356,2738, 3 ,6617,34922, 85 , 4 ,1700,615,631,1350,12132, 32 ,Range-33
12/11/2018,SAO PAULO,,0,0,0,0,0,33721,0,30,18.6,22.66,82.25,5.9,MON,1,2,1910,115,1358, -   ,1940,18891, 15 , 1 ,625,307,270,0,8266, 23 ,Range-12
12/12/2018,SAO PAULO,,0,0,0,0,0,48823,0,33.6,20.2,25.16,61.5,7.2,WED,1,3,2359,124,1762, -   ,2583,28779, 25 , 5 ,809,316,286,0,11745, 30 ,Range-15
13/01/2018,SAO PAULO,,0,0,0,0,0,68321,0,26.8,19,23.08,64.75,2.4,SAT,3,3,3062,407,2083, -   ,2080,43783, 33 , 3 ,1891,589,229,0,14120, 41 ,Range-21
13/02/2018,SAO PAULO,,0,0,0,0,0,85833,2,24.5,18.6,20.32,85.5,0,TUE,1,1,4411,388,2497, -   ,2428,54552, 32 , 3 ,1853,855,813,0,17960, 41 ,Range-31
13/03/2018,SAO PAULO,,0,0,0,0,0,35624,42.8,29.3,20.3,23.76,81.5,4.8,TUE,1,2,1890,134,1177, -   ,1025,21713, 8 , 7 ,596,360,322,458,7905, 29 ,Range-11
13/04/2018,SAO PAULO,,0,0,0,0,0,60128,0,29.8,19.3,23.76,65.25,7.7,FRI,3,2,3720,3056,2679, 45 ,4597,29624, 49 , 7 ,1946,480,657,0,13217, 51 ,Range-26
13/05/2018,SAO PAULO,,0,0,0,0,0,45947,0,23.6,17,18.92,73.5,2.5,SUN,2,2,3859,408,2039, 17 ,3642,23394, 31 , 13 ,1494,792,636,0,9589, 33 ,Range-27
13/06/2018,SAO PAULO,,0,0,0,0,0,33743,6.8,24.2,13.2,19.96,83.75,0.8,WED,1,3,2124,190,1358, 12 ,2526,17708, 20 , 3 ,691,394,446,0,8235, 36 ,Range-13
13/07/2018,SAO PAULO,,0,0,0,0,0,53519,0,23.6,9.1,15.74,61.5,7.9,FRI,3,1,3880,759,1997, 26 ,4371,28368, 39 , 4 ,1195,460,476,0,11914, 30 ,Range-27
13/08/2018,SAO PAULO,,0,0,0,0,0,28818,0,21.4,10.1,14.94,80.5,6.1,MON,1,2,1790,106,1058, 31 ,1864,16305, 12 , 5 ,443,300,285,0,6587, 32 ,Range-11
13/09/2018,SAO PAULO,,0,0,0,0,0,29964,0,26.8,15.1,18.52,75.5,0,TUR,1,2,2145,157,1350, 10 ,2383,14269, 28 , 3 ,809,241,304,0,8259, 6 ,Range-13
13/10/2018,SAO PAULO,,0,0,0,0,0,61778,0,30.4,18.9,23.3,85,0,SAT,3,2,4277,371,2500, 1 ,6268,32639, 59 , 4 ,1610,400,464,923,12237, 25 ,Range-30
13/11/2018,SAO PAULO,,0,0,0,0,0,36129,0,32.2,19.4,25.92,65.25,11.7,TUE,1,2,2246,133,1450, 1 ,2150,19784, 10 , 4 ,591,284,296,0,9169, 11 ,Range-14
13/12/2018,SAO PAULO,,0,0,0,0,0,47871,14,32,21.1,24.66,66,6.5,TUR,1,3,2315,166,1783, 1 ,3413,25385, 17 , 6 ,1011,404,319,0,13012, 39 ,Range-15
14/01/2018,SAO PAULO,,0,0,0,0,0,56313,0,30.4,19.2,23.2,80,5.1,SUN,2,3,3760,360,1988, -   ,1334,33867, 19 , 2 ,1793,856,308,0,11964, 62 ,Range-26
14/02/2018,SAO PAULO,,0,0,0,0,0,59647,0,22.2,18.2,20.18,85.25,0,WED,1,1,2604,281,1891, -   ,1662,37074, 24 , -   ,1228,618,615,0,13612, 38 ,Range-17
14/03/2018,SAO PAULO,,0,0,0,0,0,43806,0,33.6,21.6,25.34,72.5,8.9,WED,1,2,2389,179,1525, -   ,1291,27659, 27 , 10 ,794,398,395,657,8433, 49 ,Range-15
14/04/2018,SAO PAULO,,0,0,0,0,0,66624,0,26.2,19.6,21.92,74.25,5.1,SAT,3,2,4029,3682,2891, 56 ,5592,31948, 48 , 12 ,1882,654,813,0,14981, 36 ,Range-28
14/05/2018,SAO PAULO,,0,0,0,0,0,36703,0,25.6,16.3,19.58,77,7.1,MON,1,2,2013,175,1239, 10 ,1497,22166, 14 , 6 ,826,440,372,0,7901, 44 ,Range-12
14/06/2018,SAO PAULO,,0,0,0,0,0,35617,0.2,21.2,13.4,15.56,86.75,0,TUR,1,3,2621,244,1480, 20 ,3342,16013, 22 , 3 ,786,519,471,0,10063, 33 ,Range-17
14/07/2018,SAO PAULO,,0,0,0,0,0,57393,0,26.4,11,18.64,53.75,8.3,SAT,3,1,3737,812,2147, 83 ,5287,30690, 50 , 8 ,1326,494,496,0,12222, 41 ,Range-26
14/08/2018,SAO PAULO,,0,0,0,0,0,29327,0,27.9,10,17.46,70.75,8.5,TUE,1,2,1820,103,1087, 25 ,1837,16118, 4 , 7 ,493,268,300,0,7234, 31 ,Range-11
14/09/2018,SAO PAULO,,0,0,0,0,0,67673,6.7,19,16.1,17.86,88.5,0,FRI,3,2,4950,408,2788, 3 ,6788,36638, 68 , 4 ,1792,516,592,0,13096, 30 ,Range-35
14/10/2018,SAO PAULO,,0,0,0,0,0,49045,6.8,20.6,17.1,18.3,86,0,SUN,2,2,4423,270,2122, 2 ,4778,24075, 42 , 9 ,1440,708,487,936,9714, 39 ,Range-31
14/11/2018,SAO PAULO,,0,0,0,0,0,77722,0,32.5,23.4,27.16,56.5,9.5,WED,1,2,3738,166,3282, 4 ,3359,35647, 47 , 7 ,1077,360,429,16237,13344, 25 ,Range-26
14/12/2018,SAO PAULO,,0,0,0,0,0,67855,12.2,33.5,19.6,26.88,49.5,7.6,FRI,3,3,3458,306,2436, -   ,5634,40143, 44 , 6 ,1460,473,562,0,13305, 28 ,Range-24
15/01/2018,SAO PAULO,,0,0,0,0,0,45894,6,29.8,19.8,25.16,68,4.4,MON,1,3,1929,230,1399, -   ,476,30960, 9 , 1 ,1052,410,172,0,9211, 45 ,Range-12
15/02/2018,SAO PAULO,,0,0,0,0,0,38244,1.3,24.1,17.8,20.5,85.5,0.2,TUR,1,1,1737,159,1255, -   ,1045,23493, 17 , 2 ,796,442,406,0,8853, 39 ,Range-10
15/03/2018,SAO PAULO,,0,0,0,0,0,46724,32.8,31,19.9,25.94,66,4.6,TUR,1,2,2465,192,1569, -   ,1383,29364, 29 , 6 ,909,374,458,687,9246, 42 ,Range-16
15/04/2018,SAO PAULO,,0,0,0,0,0,60314,3.8,20.8,18.4,19.44,88.25,0,SUN,2,2,4527,3428,2866, 51 ,4242,28701, 35 , 19 ,1834,1056,864,0,12641, 50 ,Range-32
15/05/2018,SAO PAULO,,0,0,0,0,0,38006,0,22.6,17.4,19.74,77,0.2,TUE,1,2,1871,170,1255, 8 ,1561,22948, 9 , 2 ,874,420,312,0,8546, 30 ,Range-11
15/06/2018,SAO PAULO,,0,0,0,0,0,53312,0,16.8,12.5,14.58,86,0,FRI,3,3,4237,447,2107, 44 ,6221,27066, 55 , 4 ,1378,531,458,0,10746, 18 ,Range-30
15/07/2018,SAO PAULO,,0,0,0,0,0,30297,0,28.2,13,20.36,49.75,0,SUN,2,1,2526,501,1221, 6 ,2603,15633, 30 , 4 ,674,295,286,0,6504, 14 ,Range-16
15/08/2018,SAO PAULO,,0,0,0,0,0,33258,0,17.8,12.7,14.94,84,0,WED,1,2,2044,108,1125, 31 ,2171,18965, 15 , 2 ,479,284,273,0,7733, 28 ,Range-13
15/09/2018,SAO PAULO,,0,0,0,0,0,67778,10,23.4,16,18.12,79.75,0,SAT,3,2,5098,428,2578, 8 ,7242,36282, 58 , 8 ,1866,550,593,0,13042, 25 ,Range-37
15/10/2018,SAO PAULO,,0,0,0,0,0,34752,12.6,24.1,16.6,19.02,90,0,MON,1,2,2020,147,1240, 2 ,2029,19966, 46 , 2 ,717,290,273,0,8003, 17 ,Range-12
15/11/2018,SAO PAULO,,0,0,0,0,0,82160,0,29.7,20.8,24.1,79,4.5,TUR,1,2,4318,219,3974, 2 ,4532,29901, 46 , 9 ,1065,538,425,23679,13416, 36 ,Range-30
15/12/2018,SAO PAULO,,0,0,0,0,0,74906,0,33.6,22.3,26.88,59,6.7,SAT,3,3,4021,326,2658, 3 ,6696,44363, 54 , 5 ,1718,530,576,0,13924, 32 ,Range-28
16/01/2018,SAO PAULO,,0,0,0,0,0,44691,1,29.2,19.8,24.56,76,3,TUE,1,3,1835,177,1265, -   ,436,30187, 15 , 2 ,995,416,161,0,9172, 30 ,Range-11
16/02/2018,SAO PAULO,,0,0,0,0,0,53572,0.2,24.5,17.1,19.84,81.75,1.5,FRI,3,1,3208,352,2081, -   ,3205,28101, 29 , 3 ,1652,580,666,0,13645, 50 ,Range-22
16/03/2018,SAO PAULO,,0,0,0,0,0,67749,0,30.5,22.4,25.26,72.5,7.3,FRI,3,2,4534,1690,2503, -   ,3346,31460, 56 , 9 ,1385,528,643,8234,13324, 37 ,Range-32
16/04/2018,SAO PAULO,,0,0,0,0,0,39643,13.8,21.2,17,18.08,84.5,0,MON,1,2,2065,1519,1493, 18 ,1466,23343, 9 , 4 ,785,411,339,0,8162, 29 ,Range-13
16/05/2018,SAO PAULO,,0,0,0,0,0,40169,0,27.2,17.6,21.08,70.5,4.8,WED,1,2,1891,177,1356, 8 ,1598,25281, 18 , 2 ,858,387,358,0,8204, 31 ,Range-11
16/06/2018,SAO PAULO,,0,0,0,0,0,56884,0,16.2,13.5,14.5,84.5,0,SAT,3,3,4167,460,2181, 49 ,7278,28632, 62 , 7 ,1424,617,618,0,11362, 27 ,Range-29
16/07/2018,SAO PAULO,,0,0,0,0,0,19889,0,28.3,14.3,20.68,54,7.8,MON,1,1,1236,151,751, 14 ,1076,11752, 18 , -   ,313,168,169,0,4223, 18 ,Range-06
16/08/2018,SAO PAULO,,0,0,0,0,0,32995,0,17.3,13.8,15.18,86.25,0,TUR,1,2,2565,215,1276, 11 ,2951,15395, 22 , 1 ,608,390,335,0,9204, 22 ,Range-17
16/09/2018,SAO PAULO,,0,0,0,0,0,49809,0,23,15,17.7,71.75,0,SUN,2,2,3989,269,2105, 4 ,4902,26360, 31 , 3 ,1405,668,636,0,9407, 30 ,Range-28
16/10/2018,SAO PAULO,,0,0,0,0,0,28526,0.8,24.9,17.2,20.24,91,0,TUE,1,2,1881,115,1115, 2 ,1705,15918, 14 , 13 ,629,248,246,0,6622, 18 ,Range-11
16/11/2018,SAO PAULO,,0,0,0,0,0,68714,0.1,25.2,18.3,20.58,70.25,2.2,FRI,3,2,3305,168,3011, 5 ,3928,25728, 30 , 2 ,794,408,379,22329,8606, 21 ,Range-23
16/12/2018,SAO PAULO,,0,0,0,0,0,60903,0,32.6,22.3,25.94,76,6,SUN,2,3,3867,283,2421, 7 ,5597,33944, 41 , 6 ,1486,659,693,0,11861, 38 ,Range-27
17/01/2018,SAO PAULO,,0,0,0,0,0,49582,5.8,30.8,20.8,25.28,77,6.2,WED,1,3,1817,187,1366, -   ,472,34325, 4 , -   ,1043,357,158,0,9818, 35 ,Range-11
17/02/2018,SAO PAULO,,0,0,0,0,0,64057,0,27,17.9,21.42,78.75,4.7,SAT,3,1,3211,385,2308, -   ,4094,35898, 28 , 1 ,1849,646,759,0,14813, 65 ,Range-22
17/03/2018,SAO PAULO,,0,0,0,0,0,74821,0,29.6,21.2,24.24,71.25,6.7,SAT,3,2,4615,2059,2714, -   ,3990,34670, 54 , 3 ,1524,634,673,10376,13462, 47 ,Range-33
17/04/2018,SAO PAULO,,0,0,0,0,0,37780,0,23.3,15.7,18.44,75.25,7.5,TUE,1,2,1946,1332,1319, 23 ,1282,22450, 18 , 4 ,717,307,361,0,7996, 25 ,Range-12
17/05/2018,SAO PAULO,,0,0,0,0,0,45584,0,24.1,17.1,19.98,74.75,5.3,TUR,1,2,2333,238,1557, 7 ,1915,28307, 11 , 6 ,982,417,443,0,9342, 26 ,Range-15
17/06/2018,SAO PAULO,,0,0,0,0,0,47920,0,20.1,13.6,15.76,82.5,1.5,SUN,2,3,4714,360,2034, 35 ,6031,22043, 53 , 10 ,1077,675,584,0,10279, 25 ,Range-34
17/07/2018,SAO PAULO,,0,0,0,0,0,31638,0,27,14.4,19.6,66.75,8.4,TUE,1,1,1894,216,1069, 28 ,1616,17740, 7 , 4 ,557,336,290,0,7846, 35 ,Range-11
17/08/2018,SAO PAULO,,0,0,0,0,0,58717,0.5,17.4,13.5,15.26,83.75,0,FRI,3,2,4510,332,2071, 7 ,5770,31770, 51 , 6 ,990,438,572,0,12157, 43 ,Range-32
17/09/2018,SAO PAULO,,0,0,0,0,0,31319,1.5,19.5,14.7,17.54,87.25,0,MON,1,2,2311,128,1214, 2 ,1829,17481, 18 , -   ,764,313,301,0,6929, 29 ,Range-15
17/10/2018,SAO PAULO,,0,0,0,0,0,36874,0,29.5,18,23.58,76,0,WED,1,2,1992,152,1489, 1 ,2093,21744, 21 , 4 ,788,288,286,0,8000, 16 ,Range-12
17/11/2018,SAO PAULO,,0,0,0,0,0,68808,0,29,16.5,21.3,72.75,8.9,SAT,3,2,3591,193,2900, 2 ,4163,25896, 35 , 10 ,916,379,303,21295,9105, 20 ,Range-25
17/12/2018,SAO PAULO,,0,0,0,0,0,49034,0.7,34.1,22.2,28.06,58.75,7,MON,1,3,2353,163,1845, 3 ,2778,28838, 22 , 4 ,953,367,325,0,11348, 35 ,Range-15
18/01/2018,SAO PAULO,,0,0,0,0,0,53269,0,31.6,22.3,27.12,78,4.9,TUR,1,3,2155,189,1630, -   ,597,36885, 17 , 2 ,1229,455,179,0,9887, 44 ,Range-13
18/02/2018,SAO PAULO,,0,0,0,0,0,48766,0,23.8,19.8,21.32,81.25,0,SUN,2,1,3494,291,2029, -   ,2666,24787, 20 , 3 ,1599,879,774,0,12169, 55 ,Range-24
18/03/2018,SAO PAULO,,0,0,0,0,0,60763,0,32,19.7,24.62,74,8.9,SUN,2,2,4326,1958,2291, -   ,2667,26249, 43 , 15 ,1217,740,704,10096,10401, 56 ,Range-31
18/04/2018,SAO PAULO,,0,0,0,0,0,40881,0,25.1,14,18.62,64,9.4,WED,1,2,1981,1446,1444, 10 ,1435,24418, 16 , -   ,768,379,395,0,8565, 24 ,Range-12
18/05/2018,SAO PAULO,,0,0,0,0,0,62048,0,27.5,17.1,21.78,72.5,7.9,FRI,3,2,4021,464,2452, 19 ,5238,33092, 48 , 6 ,1992,503,654,0,13528, 31 ,Range-28
18/06/2018,SAO PAULO,,0,0,0,0,0,29933,0,22,13.9,16.82,81.5,3.6,MON,1,3,1992,165,1156, 13 ,2413,15612, 15 , 4 ,536,415,355,0,7234, 23 ,Range-12
18/07/2018,SAO PAULO,,0,0,0,0,0,33507,0,27.8,13.7,20.4,66,8.4,WED,1,1,2049,248,1288, 35 ,1709,19276, 23 , 2 ,618,330,326,0,7573, 30 ,Range-13
18/08/2018,SAO PAULO,,0,0,0,0,0,65589,0.1,22.2,13,16.68,75.25,7.5,SAT,3,2,4756,408,2258, 1 ,7135,35943, 46 , 9 ,1082,545,642,0,12726, 38 ,Range-34
18/09/2018,SAO PAULO,,0,0,0,0,0,30114,8.2,23.9,14.9,19.82,80.75,0,TUE,1,2,1810,86,1112, 2 ,1780,16756, 25 , 2 ,660,272,279,0,7315, 15 ,Range-11
18/10/2018,SAO PAULO,,0,0,0,0,0,27944,4.7,29.9,18.9,22.62,86,0,TUR,1,2,1920,119,1177, 2 ,2236,14166, 26 , 6 ,652,203,243,0,7185, 9 ,Range-12
18/11/2018,SAO PAULO,,0,0,0,0,0,59003,0,28.5,18.8,24.02,71.75,5.6,SUN,2,2,3408,146,2996, 1 ,3302,19342, 39 , 5 ,756,518,436,20364,7645, 45 ,Range-23
18/12/2018,SAO PAULO,,0,0,0,0,0,52693,7.4,34.4,20.7,25.56,77.25,0,TUE,1,3,2440,115,2000, -   ,2826,30653, 25 , -   ,866,394,391,0,12956, 27 ,Range-16
19/01/2018,SAO PAULO,,0,0,0,0,0,63317,12,28.8,21,23.56,83,0.3,FRI,3,3,3372,389,2184, -   ,1946,39528, 21 , 2 ,1880,576,404,0,12973, 42 ,Range-23
19/02/2018,SAO PAULO,,0,0,0,0,0,31222,0,26.8,18.6,23.42,71,4.1,MON,1,1,1443,143,1067, -   ,901,19233, 7 , -   ,724,389,322,0,6961, 32 ,Range-08
19/03/2018,SAO PAULO,,0,0,0,0,0,40776,0,31.9,21.4,25.66,78.75,6.4,MON,1,2,2231,892,1346, -   ,884,22030, 31 , 6 ,617,339,378,4487,7492, 43 ,Range-14
19/04/2018,SAO PAULO,,0,0,0,0,0,48078,0,26.2,14,19.1,62.75,9.9,TUR,1,2,2449,1575,1743, 23 ,1714,28518, 16 , 10 ,907,441,402,0,10253, 27 ,Range-16
19/05/2018,SAO PAULO,,0,0,0,0,0,71362,2.6,22.3,15.4,19.12,76.5,2.5,SAT,3,2,4856,571,2637, 44 ,6265,37743, 34 , 6 ,2325,727,744,0,15376, 34 ,Range-35
19/06/2018,SAO PAULO,,0,0,0,0,0,29997,0,23.3,15,17.88,80.5,6.6,TUE,1,3,2013,161,1149, 11 ,2270,15426, 16 , 10 ,555,340,326,0,7700, 20 ,Range-12
19/07/2018,SAO PAULO,,0,0,0,0,0,32435,0,28.1,15,20.76,62.75,8.4,TUR,1,1,2316,316,1376, 48 ,2323,15864, 16 , 6 ,793,341,294,0,8718, 24 ,Range-15
19/08/2018,SAO PAULO,,0,0,0,0,0,48011,0,26.7,13.7,19.3,65.5,7.9,SUN,2,2,4445,239,1929, 1 ,4993,24787, 41 , 5 ,1065,571,560,0,9327, 48 ,Range-31
19/09/2018,SAO PAULO,,0,0,0,0,0,34262,0,29.9,18.9,24.32,61.75,0,WED,1,2,2086,136,1367, 4 ,1973,19138, 29 , 2 ,681,262,291,0,8276, 17 ,Range-13
19/10/2018,SAO PAULO,,0,0,0,0,0,58717,4.9,21.1,17.1,18.78,85,0,FRI,3,2,3908,309,2369, 1 ,5320,33162, 73 , 11 ,1546,347,408,0,11236, 27 ,Range-27
19/11/2018,SAO PAULO,,0,0,0,0,0,73204,28.6,23.4,14.2,17.16,91.5,0,MON,1,2,3454,120,3026, 2 ,2728,31631, 37 , 8 ,711,404,338,21075,9652, 18 ,Range-24
19/12/2018,SAO PAULO,,0,0,0,0,0,58299,6.8,31.2,21.6,25.12,73.75,0,WED,1,3,2830,158,2043, 2 ,3042,34372, 21 , 5 ,977,378,401,0,14043, 27 ,Range-19
20/01/2018,SAO PAULO,,0,0,0,0,0,72647,2,29,20.2,22.72,90,2,SAT,3,3,3251,531,2303, -   ,2196,45266, 20 , 1 ,2108,640,569,0,15705, 57 ,Range-22
20/02/2018,SAO PAULO,,0,0,0,0,0,37692,0,27.7,21.2,23.76,83,1.8,TUE,1,1,1538,142,1282, -   ,995,23244, 12 , 1 ,750,404,408,0,8870, 46 ,Range-09
20/03/2018,SAO PAULO,,0,0,0,0,0,56313,0,31,19.5,23.74,79.25,2.1,TUE,1,2,2653,1145,1794, -   ,1281,31524, 37 , 6 ,741,360,451,5967,10317, 37 ,Range-17
20/04/2018,SAO PAULO,,0,0,0,0,0,64836,0,25.8,14.2,19.54,58.5,8.2,FRI,3,2,4157,3807,2834, 26 ,4721,31901, 39 , 7 ,1878,546,617,0,14252, 51 ,Range-29
20/05/2018,SAO PAULO,,0,0,0,0,0,57049,8.2,21,9.6,13.94,56.25,8.7,SUN,2,2,4784,460,2334, 28 ,4605,29068, 36 , 6 ,1907,1000,821,0,11955, 45 ,Range-34
20/06/2018,SAO PAULO,,0,0,0,0,0,35064,0,25.5,14.7,19.56,66.5,7.7,WED,1,3,2252,167,1239, 14 ,2651,18324, 20 , 4 ,627,346,417,0,8976, 27 ,Range-14
20/07/2018,SAO PAULO,,0,0,0,0,0,51520,0,28.7,15,21.56,56,8.4,FRI,3,1,3207,658,1965, 34 ,4404,27990, 31 , 9 ,1521,453,494,0,10710, 44 ,Range-22
20/08/2018,SAO PAULO,,0,0,0,0,0,30389,0,27.8,14.4,21,47.25,9.3,MON,1,2,1811,108,1182, 1 ,1878,16897, 14 , -   ,524,252,286,0,7411, 25 ,Range-11
20/09/2018,SAO PAULO,,0,0,0,0,0,35794,0,25,18.1,20.14,79.5,0,TUR,1,2,2428,157,1589, 4 ,2897,16826, 36 , 2 ,942,403,313,0,10181, 16 ,Range-16
20/10/2018,SAO PAULO,,0,0,0,0,0,62561,0.3,21.9,14.4,16.92,66,0,SAT,3,2,4624,347,2581, 5 ,6757,33240, 78 , 14 ,1906,547,508,0,11926, 28 ,Range-33
20/11/2018,SAO PAULO,,0,0,0,0,0,84295,14,19.5,14.2,16.7,82.25,0,TUE,1,2,5300,207,3173, 5 ,4625,43597, 46 , 6 ,1273,619,582,9661,15173, 28 ,Range-38
20/12/2018,SAO PAULO,,0,0,0,0,0,59167,8,33.6,21.7,27.72,57.75,0,TUR,1,3,2709,176,2174, -   ,4137,33033, 39 , 5 ,1200,402,426,0,14838, 28 ,Range-18
21/01/2018,SAO PAULO,,0,0,0,0,0,55849,22,30.2,19.6,23.2,85,5.1,SUN,2,3,3510,385,2057, -   ,1371,33106, 12 , 2 ,1735,838,515,0,12259, 59 ,Range-24
21/02/2018,SAO PAULO,,0,0,0,0,0,36354,5,29.7,21.5,25.32,62,10.9,WED,1,1,1565,153,1205, -   ,946,22499, 7 , 2 ,754,388,393,0,8399, 43 ,Range-09
21/03/2018,SAO PAULO,,0,0,0,0,0,47832,50.1,27,19.5,22.4,79.25,2.6,WED,1,2,2657,956,1476, -   ,1037,26240, 30 , 3 ,664,357,422,5079,8871, 40 ,Range-17
21/04/2018,SAO PAULO,,0,0,0,0,0,70533,0,26.3,13.8,19.24,65.75,9.2,SAT,3,2,4648,4295,3031, 41 ,5935,33581, 30 , 10 ,2009,694,738,0,15489, 32 ,Range-33
21/05/2018,SAO PAULO,,0,0,0,0,0,36651,0,21.5,9.3,14.94,65.75,8.5,MON,1,2,2029,162,1221, 11 ,1863,22853, 15 , 5 ,601,381,316,0,7166, 28 ,Range-12
21/06/2018,SAO PAULO,,0,0,0,0,0,37275,0,25.4,14,19.84,58,7.9,TUR,1,3,2718,234,1490, 20 ,3647,16958, 30 , 2 ,832,424,430,0,10447, 43 ,Range-18
21/07/2018,SAO PAULO,,0,0,0,0,0,58578,0,28.1,15.7,19.68,72.5,5.3,SAT,3,1,3967,724,2384, 98 ,5548,30835, 41 , 5 ,1657,519,585,0,12179, 36 ,Range-28
21/08/2018,SAO PAULO,,0,0,0,0,0,30803,0,28.8,14.2,19.04,64.75,8.4,TUE,1,2,2094,103,1121, -   ,2022,16943, 15 , 3 ,445,271,339,0,7410, 37 ,Range-13
21/09/2018,SAO PAULO,,0,0,0,0,0,57290,7.1,27.7,17.4,20.82,78.25,0,FRI,3,2,3901,310,2271, 8 ,5119,31837, 33 , 4 ,1512,423,520,0,11325, 27 ,Range-27
21/10/2018,SAO PAULO,,0,0,0,0,0,50351,0,22,12.8,16.98,70,0,SUN,2,2,4297,283,2121, 1 ,5033,26174, 50 , 14 ,1506,660,478,0,9705, 29 ,Range-30
21/11/2018,SAO PAULO,,0,0,0,0,0,31396,0,20.4,15.1,17.88,84.5,0,WED,1,2,1989,83,1141, 1 ,1962,17356, 14 , 1 ,521,274,221,0,7811, 22 ,Range-12
21/12/2018,SAO PAULO,,0,0,0,0,0,73104,0,32.2,22.3,26.58,65,0,FRI,3,3,3369,310,2581, 14 ,5924,44919, 52 , 5 ,1528,461,506,0,13400, 35 ,Range-23
22/01/2018,SAO PAULO,,0,0,0,0,0,48770,8.8,31.8,19.6,25.2,70,8.8,MON,1,3,1750,195,1507, -   ,543,33842, 15 , -   ,1021,429,308,0,9127, 33 ,Range-10
22/02/2018,SAO PAULO,,0,0,0,0,0,42688,0,30.2,20.4,23.72,86,7,TUR,1,1,1960,189,1428, -   ,1160,26441, 17 , 3 ,985,463,457,0,9548, 37 ,Range-12
22/03/2018,SAO PAULO,,0,0,0,0,0,51646,5.4,26.4,19.8,22.12,80.5,2.2,TUR,1,2,2822,1139,1595, -   ,1224,27438, 33 , 6 ,769,428,445,5836,9875, 36 ,Range-19
22/04/2018,SAO PAULO,,0,0,0,0,0,54815,0,26.3,15.8,20.24,74.25,9.2,SUN,2,2,4160,3365,2635, 44 ,3858,25144, 36 , 8 ,1755,937,829,0,11994, 50 ,Range-29
22/05/2018,SAO PAULO,,0,0,0,0,0,38218,0,24.6,9.7,15.36,73.5,8.6,TUE,1,2,1811,168,1196, 13 ,1966,23766, 14 , 7 ,544,416,297,0,8003, 17 ,Range-11
22/06/2018,SAO PAULO,,0,0,0,0,0,61253,0,24.6,15,19.12,59.75,5.1,FRI,3,3,4379,450,2403, 54 ,7102,31045, 89 , 8 ,1431,518,559,0,13181, 34 ,Range-31
22/07/2018,SAO PAULO,,0,0,0,0,0,46064,0,22.1,15,17.52,79.5,2,SUN,2,1,4051,512,2010, 47 ,3775,23347, 32 , 8 ,1388,677,562,0,9621, 34 ,Range-28
22/08/2018,SAO PAULO,,0,0,0,0,0,33577,0,26.5,14.9,19.88,64.75,3.9,WED,1,2,2087,115,1136, 2 ,2133,18889, 21 , 5 ,519,274,306,0,8061, 29 ,Range-13
22/09/2018,SAO PAULO,,0,0,0,0,0,62111,0,28.8,15.9,21.44,63.75,0,SAT,3,2,4429,377,2407, 4 ,6355,33744, 47 , 4 ,1860,483,515,0,11855, 31 ,Range-31
22/10/2018,SAO PAULO,,0,0,0,0,0,32776,0,28.3,15.2,19.6,70.75,0,MON,1,2,1863,121,1360, -   ,1929,18104, 17 , 6 ,646,308,263,905,7238, 16 ,Range-11
22/11/2018,SAO PAULO,,0,0,0,0,0,33819,0,28.8,17.5,22.54,70,9.5,TUR,1,2,2055,121,1493, -   ,2836,16605, 25 , 3 ,735,328,256,0,9349, 13 ,Range-13
22/12/2018,SAO PAULO,,0,0,0,0,0,73127,0,33,21.7,26.54,57.75,0,SAT,3,3,3502,332,2429, 3 ,6476,43530, 37 , 10 ,1673,536,571,0,13996, 32 ,Range-24
23/01/2018,SAO PAULO,,0,0,0,0,0,45770,4,32,21,25.3,76,6.6,TUE,1,3,2110,139,1342, -   ,460,30646, 8 , 2 ,940,383,325,0,9366, 49 ,Range-13
23/02/2018,SAO PAULO,,0,0,0,0,0,52470,9,27.3,19.3,22.2,79,7.8,FRI,3,1,2722,382,2089, -   ,3044,28378, 30 , 3 ,1657,572,663,0,12879, 51 ,Range-18
23/03/2018,SAO PAULO,,0,0,0,0,0,68841,0,30,20.2,23.88,75.25,6,FRI,3,2,4238,1963,2439, -   ,3545,32168, 56 , 9 ,1444,499,674,9291,12482, 33 ,Range-30
23/04/2018,SAO PAULO,,0,0,0,0,0,36561,0,26.7,16.7,20.58,72.5,6.7,MON,1,2,1848,1269,1334, 16 ,1305,20924, 21 , 8 ,671,394,366,0,8374, 31 ,Range-11
23/05/2018,SAO PAULO,,0,0,0,0,0,39938,0,22.2,11.4,15.7,74.25,6,WED,1,2,2164,187,1261, 13 ,2073,24612, 16 , 3 ,573,385,322,0,8302, 27 ,Range-14
23/06/2018,SAO PAULO,,0,0,0,0,0,53950,0,26.4,14.6,20.28,60.25,6.8,SAT,3,3,3723,420,2127, 41 ,6713,27587, 62 , 11 ,1400,596,605,0,10620, 45 ,Range-26
23/07/2018,SAO PAULO,,0,0,0,0,0,31109,0,25.5,14.9,19.52,62.25,5.6,MON,1,1,2092,262,1278, 27 ,1624,17621, 14 , 2 ,744,312,299,0,6792, 42 ,Range-13
23/08/2018,SAO PAULO,,0,0,0,0,0,30622,0,27.7,16.2,22.16,56,7.8,TUR,1,2,2084,142,1214, 4 ,2668,14921, 25 , 3 ,557,278,326,0,8366, 34 ,Range-13
23/09/2018,SAO PAULO,,0,0,0,0,0,49940,0,32.4,16.4,23.26,46.75,0,SUN,2,2,3726,284,2162, 2 ,4627,26693, 42 , 5 ,1553,628,582,0,9593, 43 ,Range-26
23/10/2018,SAO PAULO,,0,0,0,0,0,32189,0,30.2,16,21.7,74.25,0,TUE,1,2,1798,102,1394, 1 ,1838,17235, 15 , 5 ,602,243,209,953,7769, 25 ,Range-11
23/11/2018,SAO PAULO,,0,0,0,0,0,90542,13.1,29.5,18.6,23.06,70.75,8.1,FRI,3,2,3614,280,2799, 4 ,5696,30963, 48 , 8 ,1281,400,388,34463,10572, 26 ,Range-25
23/12/2018,SAO PAULO,,0,0,0,0,0,63383,0.4,30.2,21,23.88,76.25,0,SUN,2,3,3129,279,2125, 3 ,5638,36706, 44 , 6 ,1546,707,570,0,12605, 25 ,Range-21
24/01/2018,SAO PAULO,,0,0,0,0,0,66689,4.2,33.7,20.6,25.92,69,4.6,WED,1,3,2725,241,1875, -   ,1471,45532, 27 , -   ,1201,384,419,0,12782, 32 ,Range-18
24/02/2018,SAO PAULO,,0,0,0,0,0,64211,0,27.5,17.8,22.08,70,10.3,SAT,3,1,3282,432,2234, -   ,3845,35360, 55 , 3 ,1931,747,720,0,15547, 55 ,Range-22
24/03/2018,SAO PAULO,,0,0,0,0,0,77276,0,30.3,20.1,25.02,67.5,10.6,SAT,3,2,4564,2421,2666, -   ,4072,35616, 62 , 6 ,1531,609,742,10858,14076, 53 ,Range-32
24/04/2018,SAO PAULO,,0,0,0,0,0,37632,0,27,17.1,21.02,68.75,7.9,TUE,1,2,1794,1309,1424, 16 ,1311,21704, 8 , 4 ,665,423,363,0,8578, 33 ,Range-11
24/05/2018,SAO PAULO,,0,0,0,0,0,43340,0,22.9,12.5,16.74,76.25,6.7,TUR,1,2,2397,214,1370, 12 ,2242,26357, 16 , 6 ,686,507,400,0,9100, 33 ,Range-15
24/06/2018,SAO PAULO,,0,0,0,0,0,46709,0,28.5,17.5,20.72,67,7.4,SUN,2,3,4296,368,1987, 36 ,5439,22095, 43 , 6 ,1222,740,648,0,9792, 37 ,Range-30
24/07/2018,SAO PAULO,,0,0,0,0,0,31416,0,20.5,14.1,16.78,82,0.2,TUE,1,1,2008,269,1123, 30 ,1472,17697, 15 , 7 ,653,312,271,0,7536, 23 ,Range-12
24/08/2018,SAO PAULO,,0,0,0,0,0,56046,0,29.7,17.7,22.74,50.25,4.8,FRI,3,2,3935,328,2118, 5 ,5723,31017, 58 , 9 ,1080,309,517,0,10902, 45 ,Range-27
24/09/2018,SAO PAULO,,0,0,0,0,0,29861,0,33.5,16.5,22.68,61,0,MON,1,2,1698,130,1236, 1 ,1796,16535, 16 , 6 ,652,261,207,0,7302, 21 ,Range-10
24/10/2018,SAO PAULO,,0,0,0,0,0,43210,3,19.5,17.2,18.28,88.75,0,WED,1,2,2524,104,2143, 4 ,1741,21615, 34 , 5 ,621,281,288,6345,7486, 19 ,Range-16
24/11/2018,SAO PAULO,,0,0,0,0,0,68302,9.2,25.8,19.4,21.52,77.75,2.5,SAT,3,2,4810,411,2677, 4 ,7800,36670, 56 , 8 ,1675,564,491,0,13086, 50 ,Range-34
24/12/2018,SAO PAULO,,0,0,0,0,0,15385,18.2,28.4,21.1,22.7,85.5,0,MON,1,3,616,58,520, -   ,1150,7892, 7 , 2 ,363,272,257,0,4234, 14 ,Range-01
25/01/2018,SAO PAULO,,0,0,0,0,0,84025,0,29.7,20.6,24.26,82,6.2,TUR,1,3,3605,359,2595, -   ,2173,56623, 32 , 1 ,1772,656,755,0,15393, 61 ,Range-25
25/02/2018,SAO PAULO,,0,0,0,0,0,46878,0,26.8,17.6,21.84,76,7.3,SUN,2,1,3323,324,1980, -   ,2639,24042, 28 , 4 ,1489,873,780,0,11336, 60 ,Range-23
25/03/2018,SAO PAULO,,0,0,0,0,0,60921,0,30.2,20.6,25.88,56.5,11.3,SUN,2,2,3936,2072,2442, -   ,2741,25370, 36 , 6 ,1282,741,769,10511,10959, 56 ,Range-27
25/04/2018,SAO PAULO,,0,0,0,0,0,44422,0,28.2,17.8,21.56,70.75,6.8,WED,1,2,2384,1555,1559, 28 ,1519,26094, 10 , 5 ,827,344,385,0,9685, 27 ,Range-15
25/05/2018,SAO PAULO,,0,0,0,0,0,49317,0,22.8,12.1,17.44,76.75,2.5,FRI,3,2,4071,462,2069, 29 ,6351,23798, 42 , 5 ,1292,509,609,0,10042, 38 ,Range-29
25/06/2018,SAO PAULO,,0,0,0,0,0,30082,0,27.2,15.9,21.14,51.25,8.4,MON,1,3,2001,166,1150, 6 ,2221,15938, 25 , 1 ,596,353,365,0,7231, 29 ,Range-12
25/07/2018,SAO PAULO,,0,0,0,0,0,34329,0,23.8,14.9,17.84,77,4.6,WED,1,1,2008,250,1179, 16 ,1625,20151, 13 , -   ,672,294,283,0,7812, 26 ,Range-12
25/08/2018,SAO PAULO,,0,0,0,0,0,63060,8.8,22.4,16.3,18.06,81.75,0,SAT,3,2,4738,368,2232, 4 ,6601,34673, 63 , 6 ,1197,456,641,0,12047, 34 ,Range-34
25/09/2018,SAO PAULO,,0,0,0,0,0,30934,0,26.4,16.4,20.94,74.25,0,TUE,1,2,1789,86,1167, 8 ,1698,17851, 14 , -   ,649,238,280,0,7133, 21 ,Range-11
25/10/2018,SAO PAULO,,0,0,0,0,0,40535,17.6,21.4,17.2,19.16,91,0,TUR,1,2,2563,135,2274, 1 ,2257,15811, 28 , 1 ,691,388,351,7617,8392, 26 ,Range-17
25/11/2018,SAO PAULO,,0,0,0,0,0,51979,7.1,24.5,18.8,20.46,87.25,1.2,SUN,2,2,4545,267,2273, 3 ,5385,26522, 41 , 2 ,1272,766,571,0,10303, 29 ,Range-32
25/12/2018,SAO PAULO,,0,0,0,0,0,63146,7,24.2,19.3,20.86,86,0,TUE,1,3,3359,405,2209, -   ,3974,38867, 41 , 6 ,1520,324,291,0,12146, 4 ,Range-23
26/01/2018,SAO PAULO,,0,0,0,0,0,51765,0,24.8,19.8,21.88,85,1.2,FRI,3,3,3048,349,1904, -   ,2799,29128, 37 , 5 ,1626,521,620,0,11692, 36 ,Range-20
26/02/2018,SAO PAULO,,0,0,0,0,0,41636,0,27.2,19.6,22.2,88,1.1,MON,1,1,1738,183,1464, -   ,1232,24960, 12 , 4 ,910,428,417,0,10257, 31 ,Range-10
26/03/2018,SAO PAULO,,0,0,0,0,0,43902,0,28.2,21.6,23.44,81.75,1.3,MON,1,2,2283,1021,1501, 3 ,1080,22529, 21 , 9 ,545,375,376,5467,8647, 45 ,Range-14
26/04/2018,SAO PAULO,,0,0,0,0,0,47256,0,27.8,18.6,21.68,75.25,7.3,TUR,1,2,2210,1621,1770, 18 ,1693,28393, 17 , 6 ,970,456,380,0,9690, 32 ,Range-14
26/05/2018,SAO PAULO,,0,0,0,0,0,53929,0,23.3,14.9,17.8,77,5.6,SAT,3,2,4276,540,2193, 22 ,7388,25231, 27 , 15 ,1475,656,706,0,11364, 36 ,Range-30
26/06/2018,SAO PAULO,,0,0,0,0,0,35411,0,26.5,16.6,21.46,45,2.5,TUE,1,3,2220,181,1284, 13 ,2514,18977, 12 , 5 ,617,359,373,0,8825, 31 ,Range-14
26/07/2018,SAO PAULO,,0,0,0,0,0,33303,0,25.5,14.9,18.84,70.25,7.3,TUR,1,1,2075,387,1367, 22 ,2157,16879, 14 , 6 ,748,359,358,0,8909, 22 ,Range-13
26/08/2018,SAO PAULO,,0,0,0,0,0,51911,1,16.8,11.3,12.88,87,0,SUN,2,2,4814,259,2142, 6 ,5205,26979, 56 , 11 ,1007,826,653,0,9905, 48 ,Range-34
26/09/2018,SAO PAULO,,0,0,0,0,0,36014,0,32.2,18.3,23.38,66.5,0,WED,1,2,1928,123,1401, 1 ,2056,20907, 26 , -   ,715,268,265,0,8307, 17 ,Range-12
26/10/2018,SAO PAULO,,0,0,0,0,0,67732,5.7,25.4,17.5,21,85.5,1.1,FRI,3,2,4526,224,3621, 4 ,4664,30130, 79 , 6 ,1326,372,391,11379,10988, 22 ,Range-32
26/11/2018,SAO PAULO,,0,0,0,0,0,31871,3.6,22.5,17.6,18.98,71.25,0.8,MON,1,2,1984,92,1293, 2 ,2011,17558, 10 , 4 ,565,282,233,0,7817, 20 ,Range-12
26/12/2018,SAO PAULO,,0,0,0,0,0,48629,0.6,27.3,18,22.1,74,0,WED,1,3,2147,160,1489, 2 ,2579,29109, 36 , 5 ,940,333,375,0,11430, 24 ,Range-13
27/01/2018,SAO PAULO,,0,0,0,0,0,57982,0.3,25.1,18.5,21.12,85,1,SAT,3,3,3005,386,1950, -   ,3126,32931, 42 , 2 ,1610,590,683,0,13614, 43 ,Range-20
27/02/2018,SAO PAULO,,0,0,0,0,0,34290,73.1,28.5,19,22.92,84,3.6,TUE,1,1,1687,125,1279, -   ,1013,20200, 28 , -   ,760,402,381,0,8391, 24 ,Range-10
27/03/2018,SAO PAULO,,0,0,0,0,0,49163,13.6,28.6,18.3,22.02,86,2.7,TUE,1,2,2371,1034,1550, -   ,1094,26976, 29 , 10 ,672,374,343,5718,8963, 29 ,Range-15
27/04/2018,SAO PAULO,,0,0,0,0,0,64272,0,28.6,18.8,22.48,72.5,7.9,FRI,3,2,3923,3548,2987, 66 ,4700,31839, 38 , 6 ,1870,582,640,0,14033, 40 ,Range-27
27/05/2018,SAO PAULO,,0,0,0,0,0,39350,0,24.2,14.7,17.7,76.75,6,SUN,2,2,4035,370,1792, 17 ,5297,16484, 37 , 3 ,1119,811,647,0,8707, 31 ,Range-28
27/06/2018,SAO PAULO,,0,0,0,0,0,67487,0,23.4,15.5,18.62,70.75,7.3,WED,1,3,4348,273,1910, 52 ,4811,34986, 82 , 6 ,843,404,382,0,19352, 38 ,Range-31
27/07/2018,SAO PAULO,,0,0,0,0,0,52236,0,26.6,14.4,20.2,55.25,8.8,FRI,3,1,3691,559,1936, 19 ,4194,28747, 21 , 1 ,1358,329,403,0,10947, 31 ,Range-26
27/08/2018,SAO PAULO,,0,0,0,0,0,28582,0,16.8,11.2,13.56,82.25,0,MON,1,2,1870,117,1042, 2 ,1909,16084, 18 , 3 ,435,278,259,0,6542, 23 ,Range-11
27/09/2018,SAO PAULO,,0,0,0,0,0,34996,2,28.8,19.5,22.4,84,0,TUR,1,2,2385,176,1554, 2 ,2722,16982, 33 , 2 ,853,353,359,0,9544, 31 ,Range-15
27/10/2018,SAO PAULO,,0,0,0,0,0,69476,0.8,25.6,19.3,21.3,85,4.9,SAT,3,2,4688,320,3691, 5 ,5520,29673, 54 , 3 ,1441,506,468,12015,11068, 24 ,Range-33
27/11/2018,SAO PAULO,,0,0,0,0,0,34814,0,25.2,15.5,19.86,71.75,7.4,TUE,1,2,2099,119,1352, 1 ,2195,19132, 18 , 1 ,629,247,256,2,8740, 23 ,Range-13
27/12/2018,SAO PAULO,,0,0,0,0,0,48281,0,28.7,19,22.98,72,0,TUR,1,3,2464,195,1517, 6 ,3484,25655, 30 , 11 ,976,353,361,0,13193, 36 ,Range-16
28/01/2018,SAO PAULO,,0,0,0,0,0,47551,0,31.2,19.6,23.96,83,7.2,SUN,2,3,3191,329,1966, -   ,2596,25664, 36 , 2 ,1547,700,700,0,10765, 55 ,Range-22
28/02/2018,SAO PAULO,,0,0,0,0,0,46810,0,30.3,19.5,24.06,77,9.3,WED,1,1,2007,162,1604, -   ,1285,29132, 13 , 2 ,1037,484,439,0,10602, 43 ,Range-12
28/03/2018,SAO PAULO,,0,0,0,0,0,61150,8.7,28.2,19.1,22.16,83,1,WED,1,2,2611,1107,1944, -   ,1464,35051, 23 , 6 ,797,351,436,6362,10960, 38 ,Range-17
28/04/2018,SAO PAULO,,0,0,0,0,0,63821,0,28.4,19.3,22.64,71.5,7.3,SAT,3,2,4066,3779,2834, 57 ,5324,30244, 28 , 13 ,1899,698,698,0,14139, 42 ,Range-28
28/05/2018,SAO PAULO,,0,0,0,0,0,26390,0,22.6,12.9,16.74,73.25,7.2,MON,1,2,1894,179,1122, 6 ,2496,12920, 10 , 3 ,531,275,348,0,6591, 15 ,Range-11
28/06/2018,SAO PAULO,,0,0,0,0,0,32354,0,26,15.2,19.58,70,5.2,TUR,1,3,2342,199,1415, 12 ,3165,14273, 17 , 7 ,741,434,355,0,9362, 32 ,Range-15
28/07/2018,SAO PAULO,,0,0,0,0,0,59248,0,27.4,15,20.36,54.25,8.5,SAT,3,1,4105,677,2165, 44 ,4989,32420, 50 , 6 ,1548,489,601,0,12116, 38 ,Range-29
28/08/2018,SAO PAULO,,0,0,0,0,0,29105,0,24.8,12.6,17.14,77.5,7.8,TUE,1,2,1965,110,1113, 4 ,1987,15793, 16 , 2 ,428,255,290,0,7115, 27 ,Range-12
28/09/2018,SAO PAULO,,0,0,0,0,0,73227,11.1,22.2,18.8,20.24,87,0,FRI,3,2,4542,321,3100, -   ,4757,33094, 74 , 5 ,1672,405,438,13292,11508, 19 ,Range-32
28/10/2018,SAO PAULO,,0,0,0,0,0,53208,5.2,19.5,14,15.86,86.75,2.2,SUN,2,2,4021,275,2719, 3 ,4806,25428, 46 , 6 ,1332,538,345,4178,9494, 17 ,Range-28
28/11/2018,SAO PAULO,,0,0,0,0,0,37992,0,28.8,19.4,21.98,73.5,6.5,WED,1,2,2242,111,1479, 1 ,2135,20978, 13 , 1 ,670,285,324,0,9728, 25 ,Range-14
28/12/2018,SAO PAULO,,0,0,0,0,0,62508,0,0,18.9,0,0,0,FRI,3,3,3020,272,1886, 2 ,5126,37529, 25 , 1 ,1462,455,394,0,12304, 32 ,Range-20
29/01/2018,SAO PAULO,,0,0,0,0,0,41051,3,25.8,21.4,22.8,91,0.7,MON,1,3,1891,180,1389, -   ,1140,26871, 22 , 1 ,758,376,358,0,8033, 32 ,Range-11
29/03/2018,SAO PAULO,,0,0,0,0,0,100711,22.4,28.5,19.6,23.38,77.75,6.2,TUR,1,2,4029,1872,2832, -   ,2456,59153, 50 , 13 ,1362,547,643,10433,17254, 67 ,Range-28
29/04/2018,SAO PAULO,,0,0,0,0,0,51632,0,28.4,19,21.98,76,6.7,SUN,2,2,4347,3341,2621, 50 ,3967,23604, 27 , 11 ,1583,820,759,0,10454, 48 ,Range-31
29/05/2018,SAO PAULO,,0,0,0,0,0,36930,0,24,13.3,17.94,65,8.3,TUE,1,2,2377,201,1315, 13 ,2224,20273, 13 , 8 ,607,455,360,0,9065, 19 ,Range-15
29/06/2018,SAO PAULO,,0,0,0,0,0,53374,0,26.4,14.7,20.06,57.5,8.5,FRI,3,3,4047,348,2167, 47 ,6030,26220, 55 , 7 ,1277,493,497,0,12155, 31 ,Range-28
29/07/2018,SAO PAULO,,0,0,0,0,0,47817,0,29.2,16.1,22.58,42,5.2,SUN,2,1,4061,529,2010, 27 ,3571,25338, 28 , 4 ,1477,635,575,0,9521, 41 ,Range-28
29/08/2018,SAO PAULO,,0,0,0,0,0,31657,0,25.7,13.9,19.08,61.5,8.1,WED,1,2,2018,118,1154, 1 ,2043,18311, 18 , 1 ,484,270,252,0,6959, 28 ,Range-12
29/09/2018,SAO PAULO,,0,0,0,0,0,74611,0,28.2,18.4,21.92,78.25,0,SAT,3,2,4856,322,3143, 1 ,5611,33280, 50 , 9 ,1978,498,524,11658,12649, 32 ,Range-35
29/10/2018,SAO PAULO,,0,0,0,0,0,32246,0.1,21,13.4,16.6,82.75,0.7,MON,1,2,1859,110,1411, 2 ,1970,17471, 26 , 2 ,653,311,253,1184,6974, 20 ,Range-11
29/11/2018,SAO PAULO,,0,0,0,0,0,41293,0,29.8,19.2,23.38,67.25,5.6,TUR,1,2,2529,150,1810, -   ,3265,21002, 21 , 4 ,940,334,337,0,10871, 30 ,Range-16
29/12/2018,SAO PAULO,,0,0,0,0,0,58148,2.6,30.4,18.8,23.8,66.75,0,SAT,3,3,3297,338,1720, 5 ,5255,33861, 31 , 2 ,1347,420,423,0,11427, 22 ,Range-22
30/01/2018,SAO PAULO,,0,0,0,0,0,44406,35.1,21.8,18.2,19.8,85,0,TUE,1,3,2027,146,1460, -   ,1143,28110, 22 , 1 ,898,400,403,0,9755, 41 ,Range-12
30/03/2018,SAO PAULO,,0,0,0,0,0,69412,1.5,27.8,19.6,22.44,80.5,6.5,FRI,3,2,4436,2634,2760, -   ,3592,27168, 33 , 9 ,1073,810,638,13446,12772, 41 ,Range-31
30/04/2018,SAO PAULO,,0,0,0,0,0,86921,0,29,17,22.82,56.25,8.8,MON,1,2,4335,2804,2771, 42 ,3452,53509, 28 , 12 ,1680,671,641,0,16930, 46 ,Range-31
30/05/2018,SAO PAULO,,0,0,0,0,0,61792,0,24.4,13.4,18.12,61.75,8.4,WED,1,2,4249,380,2125, 33 ,4753,32491, 27 , 10 ,1061,515,461,0,15662, 25 ,Range-30
30/06/2018,SAO PAULO,,0,0,0,0,0,58749,0,26.8,15.1,20.18,72,6.6,SAT,3,3,4083,397,2333, 47 ,7018,29736, 59 , 8 ,1447,627,664,0,12290, 40 ,Range-29
30/07/2018,SAO PAULO,,0,0,0,0,0,37330,0,25.2,16.4,18.72,74.5,2.5,MON,1,1,2522,248,1343, 14 ,1550,21943, 15 , 5 ,739,310,315,0,8300, 26 ,Range-16
30/08/2018,SAO PAULO,,0,0,0,0,0,33739,0,29.2,14.5,21.94,47.5,10.1,TUR,1,2,2238,187,1449, 6 ,3041,16579, 44 , 1 ,623,280,347,0,8899, 45 ,Range-14
30/09/2018,SAO PAULO,,0,0,0,0,0,54563,0,28.9,19.2,21.9,81.5,0,SUN,2,2,4745,287,2551, 5 ,5541,28180, 49 , 4 ,1662,693,577,287,9937, 45 ,Range-34
30/10/2018,SAO PAULO,,0,0,0,0,0,34293,0,28,15.6,19.72,72.75,7.6,TUE,1,2,2096,120,1395, 2 ,2014,18388, 25 , 4 ,657,305,293,1091,7881, 22 ,Range-13
30/11/2018,SAO PAULO,,0,0,0,0,0,69398,2,31.5,20,23.48,74.5,7,FRI,3,2,4586,364,2934, 5 ,6822,38270, 81 , 8 ,1727,481,476,0,13622, 22 ,Range-33
30/12/2018,SAO PAULO,,0,0,0,0,0,46080,0,32.4,19.1,24.34,66.25,0,SUN,2,3,2640,270,1467, -   ,4507,25724, 18 , 3 ,1052,437,377,0,9573, 12 ,Range-17
31/01/2018,SAO PAULO,,0,0,0,0,0,46244,16.8,25.5,17.2,21.02,78,9.9,WED,1,3,2122,191,1449, -   ,1152,29680, 13 , 1 ,880,370,350,0,10001, 35 ,Range-13
31/03/2018,SAO PAULO,,0,0,0,0,0,71156,7,28.3,19.3,22.48,78,4.2,SAT,3,2,3429,2238,2284, 1 ,4129,33570, 51 , 14 ,1445,516,612,10420,12418, 29 ,Range-23
31/05/2018,SAO PAULO,,0,0,0,0,0,64094,0,25.1,12.5,18.74,65.25,8.1,TUR,1,2,5599,405,2639, 41 ,6981,29729, 44 , 18 ,1339,784,686,0,15792, 37 ,Range-28
31/07/2018,SAO PAULO,,0,0,0,0,0,39643,24.2,18.4,13.3,15.04,82.25,2,TUE,1,1,2488,266,1438, 14 ,1660,22746, 23 , 3 ,724,357,302,0,9601, 21 ,Range-16
31/08/2018,SAO PAULO,,0,0,0,0,0,62868,0,29.8,15.9,22.94,45.5,10.5,FRI,3,2,4217,347,2446, 5 ,6258,35234, 59 , 4 ,1221,331,472,0,12233, 41 ,Range-30
31/10/2018,SAO PAULO,,0,0,0,0,0,50431,0,31.4,16.7,21.62,72.25,7.3,WED,1,2,2658,134,1967, 5 ,3022,27779, 34 , 5 ,933,328,314,1471,11767, 14 ,Range-17
31/12/2018,SAO PAULO,,0,0,0,0,0,10445,0,31,19.2,24.2,66.75,0,MON,1,3,501,46,369, -   ,861,5164, 5 , 3 ,216,182,207,0,2874, 17 ,Range-01
